projectId,normalized,rawMean,n,rank,tieBreak
p07,86.0000,75.2000,5,1,normalized desc|rawMean desc|n desc|projectId asc
p24,78.0000,71.7500,4,2,normalized desc|rawMean desc|n desc|projectId asc
p17,74.5000,59.0000,6,3,normalized desc|rawMean desc|n desc|projectId asc
p15,71.0000,62.7143,7,4,normalized desc|rawMean desc|n desc|projectId asc
p26,70.0000,61.8182,11,5,normalized desc|rawMean desc|n desc|projectId asc
p23,69.0000,63.3333,6,6,normalized desc|rawMean desc|n desc|projectId asc
p11,69.0000,61.8000,5,7,normalized desc|rawMean desc|n desc|projectId asc
p30,68.5000,62.2500,4,8,normalized desc|rawMean desc|n desc|projectId asc
p32,67.0000,67.0000,1,9,normalized desc|rawMean desc|n desc|projectId asc
p10,67.0000,65.0000,8,10,normalized desc|rawMean desc|n desc|projectId asc
p25,66.5000,64.7500,4,11,normalized desc|rawMean desc|n desc|projectId asc
p27,66.5000,63.7500,4,12,normalized desc|rawMean desc|n desc|projectId asc
p31,64.5000,64.5000,2,13,normalized desc|rawMean desc|n desc|projectId asc
p02,63.0000,63.0000,2,14,normalized desc|rawMean desc|n desc|projectId asc
p33,63.0000,61.6000,5,15,normalized desc|rawMean desc|n desc|projectId asc
p09,57.5000,57.2500,4,16,normalized desc|rawMean desc|n desc|projectId asc
p06,54.0000,60.3333,9,17,normalized desc|rawMean desc|n desc|projectId asc
p28,54.0000,54.1429,7,18,normalized desc|rawMean desc|n desc|projectId asc
p14,53.0000,46.8000,5,19,normalized desc|rawMean desc|n desc|projectId asc
p20,51.0000,52.3333,6,20,normalized desc|rawMean desc|n desc|projectId asc
p22,49.5000,55.5000,6,21,normalized desc|rawMean desc|n desc|projectId asc
p08,49.5000,47.2500,8,22,normalized desc|rawMean desc|n desc|projectId asc
p36,46.0000,45.1667,6,23,normalized desc|rawMean desc|n desc|projectId asc
p34,43.5000,44.1000,10,24,normalized desc|rawMean desc|n desc|projectId asc
p04,41.0000,49.6000,5,25,normalized desc|rawMean desc|n desc|projectId asc
p18,41.0000,41.8571,7,26,normalized desc|rawMean desc|n desc|projectId asc
p29,39.0000,46.7143,7,27,normalized desc|rawMean desc|n desc|projectId asc
p13,39.0000,39.0000,1,28,normalized desc|rawMean desc|n desc|projectId asc
p01,38.0000,44.6000,5,29,normalized desc|rawMean desc|n desc|projectId asc
p35,36.5000,41.4167,12,30,normalized desc|rawMean desc|n desc|projectId asc
p38,35.0000,53.6000,5,31,normalized desc|rawMean desc|n desc|projectId asc
p19,34.5000,40.1667,6,32,normalized desc|rawMean desc|n desc|projectId asc
p21,33.5000,33.0000,4,33,normalized desc|rawMean desc|n desc|projectId asc
p16,32.0000,36.8333,6,34,normalized desc|rawMean desc|n desc|projectId asc
p37,29.0000,42.4000,10,35,normalized desc|rawMean desc|n desc|projectId asc
p05,25.0000,29.6000,5,36,normalized desc|rawMean desc|n desc|projectId asc
p12,23.0000,37.2857,7,37,normalized desc|rawMean desc|n desc|projectId asc
p03,19.0000,45.0000,3,38,normalized desc|rawMean desc|n desc|projectId asc
